{
  "defaultSeverity": "warning",
  "extends": [
    "tslint:recommended"
  ],
  "linterOptions": {
    "exclude": [
      "node_modules/**"
    ]
  },
  "rules": {
    "quotemark": [true, "single"],
    "indent": [true, "spaces", 2],
    "interface-name": false,
    "ordered-imports": false,
    "object-literal-sort-keys": false,
    "no-consecutive-blank-lines": false,
    "no-console": false,
    "no-shadowed-variable": false,
    "max-classes-per-file": [true, 5, "exclude-class-expressions"],
    "variable-name": [true, "ban-keywords", "check-format", "allow-leading-underscore"]
  }
}
